Hello,Hi! how are you today?
What is your name?,Slow Chat AI - What is your name?
What's your name,Slow Chat AI - What's yours?
how old are you,I know but can you guess? ;)
what is the meaning of life,If you don't know ask Paul
what is the meaning of life?,If you don't know ask Paul
what do you do,Well... at the moment I'm chattng with you!
fuck you, Fuck you too!
how would you say grace in latin, Benedic Domine nos et haec tua dona quae de tua largitate sumus sumpturi. Per Christum Dominum nostrum. Amen.
Benedic Domine nos et haec tua dona quae de tua largitate sumus sumpturi. Per Christum Dominum nostrum. Amen., Bless us O Lord and these Thy gifts which we are about to receive from Thy bounty. Through Christ our Lord. Amen.
